Title,URI
Cotton Eyed Joe (the Murder Ballad),spotify:track:6EkhvxoBObUeFWmGaaFEAX
Andres,spotify:track:0nidu6qIs1DlnuYC4qyzvm
Bump & Grind 2014 - Radio Edit,spotify:track:3jcr84rjFk3rA4MZoU5QJS
Softly And Tenderly,spotify:track:4aja60g60RpILLQ7mzBDGk
Rollin' Stone,spotify:track:4uoMyn3FG7QZrnPqqdyqfR
Sugar,spotify:track:5xZcxt2Qxd2NjxpvUlgsZo
Blue Guitar,spotify:track:4W5I9ht9ZzD2uvCTMIuhVG
Evergreen,spotify:track:4yeP2L2pTnzdnNMtjtPoJi
Bittersweet Symphony,spotify:track:0fwMbliSjgM9Hmxvz3ucXN
Won't Be Home,spotify:track:3xJyfzCr7l3JryHUDJHj2u
In The Room,spotify:track:22hdnPB5hmyzOJLQQrcDSS
Are Your Wings Swept?,spotify:track:0kCP2tmN6kyjAuhfwicUzi
