username,clean
Rainmaker1973,mesmerizing view inside halema'uma'u crater kilauea volcano hawaii timelapse
Rainmaker1973,fire spotted burning inside tree typically due lightning hitting trunk
Rainmaker1973,japanese engineer created creepy night lamp crawl robotic spider leg lead toilet middle night source read
Rainmaker1973,body transfer illusion illusion owning part body other one's famous rubber hand experiment trick brain
Rainmaker1973,photographer filmmaker ryan pernofski capture majestic beauty breaking ocean wave example clip look like
Rainmaker1973,werent strict labeling law regarding medication late early one night cough syrup sold late may mother dangerous cough syrup read
Rainmaker1973,fancy door design video camera ldtech
Rainmaker1973,polygon tundra delta lena river lena delta one largest still pristine river delta world many naturally meandering arm form magnificent treelike shape ice wedge fine sediment treeless tundra form regular polygon small pond
Rainmaker1973,snail ' body soft viscous texture variable color gray light spot specie fairly transparent see food passing eating like beetroot
Rainmaker1973,mt tateyama rise meter japan hida mountain considered one country three holy mountain hida mountain receive much meter snow year piled continuously would snow nearly half high statue liberty amazingly highway route begin coastal city toyama approach western flank mt tateyama reach specific point japan particular stretch highway known yukinootani snow canyon camera flash pietro zanarini
Rainmaker1973,fun fact point earth's surface latitude longitude n e gulf guinea location called null island no actual island marked permanentlymoored weather buoy
Rainmaker1973,hard believe railway looked like earthquake canterbury new zealand occurred sept read agu
Rainmaker1973,riddle sphinx sculpture many shadow john v muntean site
Rainmaker1973,paw size grizzly bear source charlie shutt
Rainmaker1973,meteor mt sakurajima japan became brighter full moon left smoke trail behind video camera n
Rainmaker1973,footage quite stunning flooding giant wave caused storm bettina happened sochi black sea november
Rainmaker1973,one million seater stadium would look like according desing artist paul pfeiffer pfeiffers design referred vitruvian figure foot framework soccer stadium resembles like olympics venue sydney held spectator pfeiffers colossal stadium built would truly one kind currently largest soccer venue world rungrado first may stadium pyongyang north korea hold anywhere people multiply youd get capacity pfeiffers stadium
Rainmaker1973,thank extremely sensitive nose hunting dog follow scent long distance even across water do not keep quarry sight look like smart rabbit perfectly understood
Rainmaker1973,sebright chicken give impression need colored
Rainmaker1973,fagradalsfjall volcano eruption iceland video camera hermann helguson
Rainmaker1973,full restoration ford mustang shelby gt model video camera restoration kamasutra
Rainmaker1973,no not worm tremor pipeline blasting process controlled explosion used facilitate excavation trench pipeline project
Rainmaker1973,interesting take mirror work mirror
Rainmaker1973,footage quite stunning flooding giant wave caused storm bettina happened sochi black sea november
Rainmaker1973,artist yhhs 画客行 master drawing technique using ink finger pen draw martial art scene
Rainmaker1973,making opalite spearhead video camera lavabladez
Rainmaker1973,rotating magnet cause second magnet levitate millimeter away first one magnetic levitation common floating train highspeed machinery type levitation use relatively recent
Rainmaker1973,know human actually use echolocation detect object environment actively creating sound daniel kish first totally blind person legally certified orientation mobility specialist
Rainmaker1973,full restoration ford mustang shelby gt model video camera restoration kamasutra
Rainmaker1973,meteor mt sakurajima japan became brighter full moon left smoke trail behind video camera n
Rainmaker1973,clip dye added mercury show cannot absorb mercury towel neither sponge no matter size pore donttrythisathome
Rainmaker1973,fagradalsfjall volcano eruption iceland video camera hermann helguson
Rainmaker1973,paw size grizzly bear source charlie shutt
Rainmaker1973,hertella auto kaffeemachine first only known dashboardmounted coffee maker manufactured specifically volkswagen beetle came porcelain cup could stick machine magnetically read
Rainmaker1973,winter particularly harsh wild animal face survival challenge footage recorded kazakhstan show two walker spotted deer moutheyes ear completely frozen tried help
Rainmaker1973,movie sound playing background music key developing particular mood certain scene photoplayer automatic mechanical orchestra frequently used theater musical keyboard joe rinaudo video camera alex heflin
Rainmaker1973,giant pacific octopus largest octopus specie based scientific record kilogram pound individual weighed live arm reach meter length video camera brookesirah
Rainmaker1973,firevase flower vase literally throw fire like grenade order put produced samsung subsidiary us outer chamber filled potassium carbonate quickly cool suppressing oxygen
